title,price_gbp,price_inr,rating,in_stock,category,product_url
Scott Pilgrim's Precious Little Life (Scott Pilgrim #1),52.29,5516.6,5,True,Sequential Art,https://books.toscrape.com/catalogue/scott-pilgrims-precious-little-life-scott-pilgrim-1_987/index.html
Tsubasa: WoRLD CHRoNiCLE 2 (Tsubasa WoRLD CHRoNiCLE #2),16.28,1717.54,1,True,Sequential Art,https://books.toscrape.com/catalogue/tsubasa-world-chronicle-2-tsubasa-world-chronicle-2_949/index.html
This One Summer,19.49,2056.19,4,True,Sequential Art,https://books.toscrape.com/catalogue/this-one-summer_947/index.html
The Nameless City (The Nameless City #1),38.16,4025.88,4,True,Sequential Art,https://books.toscrape.com/catalogue/the-nameless-city-the-nameless-city-1_940/index.html
"Saga, Volume 5 (Saga (Collected Editions) #5)",51.04,5384.72,2,True,Sequential Art,https://books.toscrape.com/catalogue/saga-volume-5-saga-collected-editions-5_923/index.html
"Rat Queens, Vol. 3: Demons (Rat Queens (Collected Editions) #11-15)",50.4,5317.2,3,True,Sequential Art,https://books.toscrape.com/catalogue/rat-queens-vol-3-demons-rat-queens-collected-editions-11-15_921/index.html
"Princess Jellyfish 2-in-1 Omnibus, Vol. 01 (Princess Jellyfish 2-in-1 Omnibus #1)",13.61,1435.86,5,True,Sequential Art,https://books.toscrape.com/catalogue/princess-jellyfish-2-in-1-omnibus-vol-01-princess-jellyfish-2-in-1-omnibus-1_920/index.html
"Pop Gun War, Volume 1: Gift",18.97,2001.33,1,True,Sequential Art,https://books.toscrape.com/catalogue/pop-gun-war-volume-1-gift_918/index.html
Patience,10.16,1071.88,3,True,Sequential Art,https://books.toscrape.com/catalogue/patience_916/index.html
"Outcast, Vol. 1: A Darkness Surrounds Him (Outcast #1)",15.44,1628.92,4,True,Sequential Art,https://books.toscrape.com/catalogue/outcast-vol-1-a-darkness-surrounds-him-outcast-1_915/index.html
orange: The Complete Collection 1 (orange: The Complete Collection #1),48.41,5107.25,1,True,Sequential Art,https://books.toscrape.com/catalogue/orange-the-complete-collection-1-orange-the-complete-collection-1_914/index.html
"Lumberjanes, Vol. 2: Friendship to the Max (Lumberjanes #5-8)",46.91,4949.0,2,True,Sequential Art,https://books.toscrape.com/catalogue/lumberjanes-vol-2-friendship-to-the-max-lumberjanes-5-8_907/index.html
"Lumberjanes, Vol. 1: Beware the Kitten Holy (Lumberjanes #1-4)",45.61,4811.85,3,True,Sequential Art,https://books.toscrape.com/catalogue/lumberjanes-vol-1-beware-the-kitten-holy-lumberjanes-1-4_906/index.html
Lumberjanes Vol. 3: A Terrible Plan (Lumberjanes #9-12),19.92,2101.56,2,True,Sequential Art,https://books.toscrape.com/catalogue/lumberjanes-vol-3-a-terrible-plan-lumberjanes-9-12_905/index.html
"I Hate Fairyland, Vol. 1: Madly Ever After (I Hate Fairyland (Compilations) #1-5)",29.17,3077.44,2,True,Sequential Art,https://books.toscrape.com/catalogue/i-hate-fairyland-vol-1-madly-ever-after-i-hate-fairyland-compilations-1-5_899/index.html
I am a Hero Omnibus Volume 1,54.63,5763.46,3,True,Sequential Art,https://books.toscrape.com/catalogue/i-am-a-hero-omnibus-volume-1_898/index.html
"Giant Days, Vol. 2 (Giant Days #5-8)",22.11,2332.6,2,True,Sequential Art,https://books.toscrape.com/catalogue/giant-days-vol-2-giant-days-5-8_895/index.html
Danganronpa Volume 1,51.99,5484.95,4,True,Sequential Art,https://books.toscrape.com/catalogue/danganronpa-volume-1_889/index.html
"Codename Baboushka, Volume 1: The Conclave of Death",36.72,3873.96,4,True,Sequential Art,https://books.toscrape.com/catalogue/codename-baboushka-volume-1-the-conclave-of-death_887/index.html
Camp Midnight,17.08,1801.94,4,True,Sequential Art,https://books.toscrape.com/catalogue/camp-midnight_886/index.html
"Bitch Planet, Vol. 1: Extraordinary Machine (Bitch Planet (Collected Editions))",37.92,4000.56,2,True,Sequential Art,https://books.toscrape.com/catalogue/bitch-planet-vol-1-extraordinary-machine-bitch-planet-collected-editions_882/index.html
The Shadow Hero (The Shadow Hero),33.14,3496.27,1,True,Sequential Art,https://books.toscrape.com/catalogue/the-shadow-hero-the-shadow-hero_860/index.html
"Fables, Vol. 1: Legends in Exile (Fables #1)",41.62,4390.91,4,True,Sequential Art,https://books.toscrape.com/catalogue/fables-vol-1-legends-in-exile-fables-1_806/index.html
Batman: The Long Halloween (Batman),36.5,3850.75,2,True,Sequential Art,https://books.toscrape.com/catalogue/batman-the-long-halloween-batman_793/index.html
Batman: The Dark Knight Returns (Batman),15.38,1622.59,5,True,Sequential Art,https://books.toscrape.com/catalogue/batman-the-dark-knight-returns-batman_792/index.html
"Wonder Woman: Earth One, Volume One (Wonder Woman: Earth One #1)",37.34,3939.37,4,True,Sequential Art,https://books.toscrape.com/catalogue/wonder-woman-earth-one-volume-one-wonder-woman-earth-one-1_783/index.html
"We Are Robin, Vol. 1: The Vigilante Business (We Are Robin #1)",53.9,5686.45,1,True,Sequential Art,https://books.toscrape.com/catalogue/we-are-robin-vol-1-the-vigilante-business-we-are-robin-1_778/index.html
Through the Woods,25.38,2677.59,2,True,Sequential Art,https://books.toscrape.com/catalogue/through-the-woods_772/index.html
Superman Vol. 1: Before Truth (Superman by Gene Luen Yang #1),11.89,1254.4,5,True,Sequential Art,https://books.toscrape.com/catalogue/superman-vol-1-before-truth-superman-by-gene-luen-yang-1_739/index.html
"So Cute It Hurts!!, Vol. 6 (So Cute It Hurts!! #6)",35.43,3737.86,4,True,Sequential Art,https://books.toscrape.com/catalogue/so-cute-it-hurts-vol-6-so-cute-it-hurts-6_734/index.html
Robin War,47.82,5045.01,3,True,Sequential Art,https://books.toscrape.com/catalogue/robin-war_730/index.html
"Red Hood/Arsenal, Vol. 1: Open for Business (Red Hood/Arsenal #1)",25.48,2688.14,2,True,Sequential Art,https://books.toscrape.com/catalogue/red-hoodarsenal-vol-1-open-for-business-red-hoodarsenal-1_729/index.html
"Naruto (3-in-1 Edition), Vol. 14: Includes Vols. 40, 41 & 42 (Naruto: Omnibus #14)",38.39,4050.14,2,True,Sequential Art,https://books.toscrape.com/catalogue/naruto-3-in-1-edition-vol-14-includes-vols-40-41-42-naruto-omnibus-14_721/index.html
Lowriders to the Center of the Earth (Lowriders in Space #2),51.51,5434.3,2,True,Sequential Art,https://books.toscrape.com/catalogue/lowriders-to-the-center-of-the-earth-lowriders-in-space-2_712/index.html
El Deafo,57.62,6078.91,5,True,Sequential Art,https://books.toscrape.com/catalogue/el-deafo_691/index.html
Batman: Europa,32.01,3377.06,2,True,Sequential Art,https://books.toscrape.com/catalogue/batman-europa_668/index.html
Art Ops Vol. 1,48.8,5148.4,3,True,Sequential Art,https://books.toscrape.com/catalogue/art-ops-vol-1_664/index.html
"Adulthood Is a Myth: A ""Sarah's Scribbles"" Collection",10.9,1149.95,2,True,Sequential Art,https://books.toscrape.com/catalogue/adulthood-is-a-myth-a-sarahs-scribbles-collection_659/index.html
"Fruits Basket, Vol. 9 (Fruits Basket #9)",33.95,3581.73,4,True,Sequential Art,https://books.toscrape.com/catalogue/fruits-basket-vol-9-fruits-basket-9_563/index.html
Roller Girl,14.1,1487.55,5,True,Sequential Art,https://books.toscrape.com/catalogue/roller-girl_540/index.html
"Fruits Basket, Vol. 7 (Fruits Basket #7)",19.57,2064.64,1,True,Sequential Art,https://books.toscrape.com/catalogue/fruits-basket-vol-7-fruits-basket-7_468/index.html
"Fruits Basket, Vol. 6 (Fruits Basket #6)",20.96,2211.28,4,True,Sequential Art,https://books.toscrape.com/catalogue/fruits-basket-vol-6-fruits-basket-6_427/index.html
"Death Note, Vol. 6: Give-and-Take (Death Note #6)",36.39,3839.14,3,True,Sequential Art,https://books.toscrape.com/catalogue/death-note-vol-6-give-and-take-death-note-6_425/index.html
"Fruits Basket, Vol. 5 (Fruits Basket #5)",16.33,1722.81,1,True,Sequential Art,https://books.toscrape.com/catalogue/fruits-basket-vol-5-fruits-basket-5_376/index.html
"Death Note, Vol. 5: Whiteout (Death Note #5)",52.41,5529.25,1,True,Sequential Art,https://books.toscrape.com/catalogue/death-note-vol-5-whiteout-death-note-5_368/index.html
"The Demon Prince of Momochi House, Vol. 4 (The Demon Prince of Momochi House #4)",27.88,2941.34,2,True,Sequential Art,https://books.toscrape.com/catalogue/the-demon-prince-of-momochi-house-vol-4-the-demon-prince-of-momochi-house-4_344/index.html
"Fruits Basket, Vol. 4 (Fruits Basket #4)",50.44,5321.42,4,True,Sequential Art,https://books.toscrape.com/catalogue/fruits-basket-vol-4-fruits-basket-4_321/index.html
"The Wicked + The Divine, Vol. 3: Commercial Suicide (The Wicked + The Divine)",14.41,1520.26,3,True,Sequential Art,https://books.toscrape.com/catalogue/the-wicked-the-divine-vol-3-commercial-suicide-the-wicked-the-divine_287/index.html
"The Sandman, Vol. 3: Dream Country (The Sandman (volumes) #3)",55.55,5860.52,5,True,Sequential Art,https://books.toscrape.com/catalogue/the-sandman-vol-3-dream-country-the-sandman-volumes-3_279/index.html
"Saga, Volume 3 (Saga (Collected Editions) #3)",21.57,2275.64,5,True,Sequential Art,https://books.toscrape.com/catalogue/saga-volume-3-saga-collected-editions-3_216/index.html
Prodigy: The Graphic Novel (Legend: The Graphic Novel #2),43.63,4602.96,3,True,Sequential Art,https://books.toscrape.com/catalogue/prodigy-the-graphic-novel-legend-the-graphic-novel-2_207/index.html
Persepolis: The Story of a Childhood (Persepolis #1-2),39.13,4128.22,1,True,Sequential Art,https://books.toscrape.com/catalogue/persepolis-the-story-of-a-childhood-persepolis-1-2_206/index.html
Original Fake,31.45,3317.98,3,True,Sequential Art,https://books.toscrape.com/catalogue/original-fake_203/index.html
"Grayson, Vol 3: Nemesis (Grayson #3)",42.72,4506.96,1,True,Sequential Art,https://books.toscrape.com/catalogue/grayson-vol-3-nemesis-grayson-3_164/index.html
"Fruits Basket, Vol. 3 (Fruits Basket #3)",45.17,4765.44,2,True,Sequential Art,https://books.toscrape.com/catalogue/fruits-basket-vol-3-fruits-basket-3_159/index.html
"Black Butler, Vol. 1 (Black Butler #1)",49.31,5202.2,1,True,Sequential Art,https://books.toscrape.com/catalogue/black-butler-vol-1-black-butler-1_130/index.html
Awkward,38.02,4011.11,2,True,Sequential Art,https://books.toscrape.com/catalogue/awkward_124/index.html
"The Sandman, Vol. 2: The Doll's House (The Sandman (volumes) #2)",54.81,5782.46,1,True,Sequential Art,https://books.toscrape.com/catalogue/the-sandman-vol-2-the-dolls-house-the-sandman-volumes-2_110/index.html
"Saga, Volume 2 (Saga (Collected Editions) #2)",11.75,1239.62,3,True,Sequential Art,https://books.toscrape.com/catalogue/saga-volume-2-saga-collected-editions-2_107/index.html
"Fruits Basket, Vol. 2 (Fruits Basket #2)",11.64,1228.02,5,True,Sequential Art,https://books.toscrape.com/catalogue/fruits-basket-vol-2-fruits-basket-2_100/index.html
"Y: The Last Man, Vol. 1: Unmanned (Y: The Last Man #1)",18.51,1952.8,4,True,Sequential Art,https://books.toscrape.com/catalogue/y-the-last-man-vol-1-unmanned-y-the-last-man-1_98/index.html
"The Wicked + The Divine, Vol. 1: The Faust Act (The Wicked + The Divine)",36.52,3852.86,2,True,Sequential Art,https://books.toscrape.com/catalogue/the-wicked-the-divine-vol-1-the-faust-act-the-wicked-the-divine_86/index.html
"The Sandman, Vol. 1: Preludes and Nocturnes (The Sandman (volumes) #1)",54.12,5709.66,3,True,Sequential Art,https://books.toscrape.com/catalogue/the-sandman-vol-1-preludes-and-nocturnes-the-sandman-volumes-1_79/index.html
The Complete Maus (Maus #1-2),10.64,1122.52,3,True,Sequential Art,https://books.toscrape.com/catalogue/the-complete-maus-maus-1-2_62/index.html
"Skip Beat!, Vol. 01 (Skip Beat! #1)",42.12,4443.66,3,True,Sequential Art,https://books.toscrape.com/catalogue/skip-beat-vol-01-skip-beat-1_55/index.html
"Saga, Volume 1 (Saga (Collected Editions) #1)",28.48,3004.64,1,True,Sequential Art,https://books.toscrape.com/catalogue/saga-volume-1-saga-collected-editions-1_48/index.html
"Rat Queens, Vol. 1: Sass & Sorcery (Rat Queens (Collected Editions) #1-5)",46.96,4954.28,5,True,Sequential Art,https://books.toscrape.com/catalogue/rat-queens-vol-1-sass-sorcery-rat-queens-collected-editions-1-5_46/index.html
"Paper Girls, Vol. 1 (Paper Girls #1-5)",21.71,2290.41,4,True,Sequential Art,https://books.toscrape.com/catalogue/paper-girls-vol-1-paper-girls-1-5_44/index.html
"Ouran High School Host Club, Vol. 1 (Ouran High School Host Club #1)",29.87,3151.29,3,True,Sequential Art,https://books.toscrape.com/catalogue/ouran-high-school-host-club-vol-1-ouran-high-school-host-club-1_43/index.html
"Ms. Marvel, Vol. 1: No Normal (Ms. Marvel (2014-2015) #1)",39.39,4155.65,4,True,Sequential Art,https://books.toscrape.com/catalogue/ms-marvel-vol-1-no-normal-ms-marvel-2014-2015-1_34/index.html
"Hawkeye, Vol. 1: My Life as a Weapon (Hawkeye #1)",45.24,4772.82,3,True,Sequential Art,https://books.toscrape.com/catalogue/hawkeye-vol-1-my-life-as-a-weapon-hawkeye-1_24/index.html
"Giant Days, Vol. 1 (Giant Days #1-4)",56.76,5988.18,4,True,Sequential Art,https://books.toscrape.com/catalogue/giant-days-vol-1-giant-days-1-4_22/index.html
"Fruits Basket, Vol. 1 (Fruits Basket #1)",40.28,4249.54,5,True,Sequential Art,https://books.toscrape.com/catalogue/fruits-basket-vol-1-fruits-basket-1_21/index.html
"Bleach, Vol. 1: Strawberry and the Soul Reapers (Bleach #1)",34.65,3655.58,5,True,Sequential Art,https://books.toscrape.com/catalogue/bleach-vol-1-strawberry-and-the-soul-reapers-bleach-1_7/index.html
"Ajin: Demi-Human, Volume 1 (Ajin: Demi-Human #1)",57.06,6019.83,4,True,Sequential Art,https://books.toscrape.com/catalogue/ajin-demi-human-volume-1-ajin-demi-human-1_4/index.html
Sharp Objects,47.82,5045.01,4,True,Mystery,https://books.toscrape.com/catalogue/sharp-objects_997/index.html
"In a Dark, Dark Wood",19.63,2070.96,1,True,Mystery,https://books.toscrape.com/catalogue/in-a-dark-dark-wood_963/index.html
The Past Never Ends,56.5,5960.75,4,True,Mystery,https://books.toscrape.com/catalogue/the-past-never-ends_942/index.html
A Murder in Time,16.64,1755.52,1,True,Mystery,https://books.toscrape.com/catalogue/a-murder-in-time_877/index.html
The Murder of Roger Ackroyd (Hercule Poirot #4),44.1,4652.55,4,True,Mystery,https://books.toscrape.com/catalogue/the-murder-of-roger-ackroyd-hercule-poirot-4_852/index.html
The Last Mile (Amos Decker #2),54.21,5719.16,2,True,Mystery,https://books.toscrape.com/catalogue/the-last-mile-amos-decker-2_754/index.html
That Darkness (Gardiner and Renner #1),13.92,1468.56,1,True,Mystery,https://books.toscrape.com/catalogue/that-darkness-gardiner-and-renner-1_743/index.html
Tastes Like Fear (DI Marnie Rome #3),10.69,1127.79,1,True,Mystery,https://books.toscrape.com/catalogue/tastes-like-fear-di-marnie-rome-3_742/index.html
A Time of Torment (Charlie Parker #14),48.35,5100.92,5,True,Mystery,https://books.toscrape.com/catalogue/a-time-of-torment-charlie-parker-14_657/index.html
A Study in Scarlet (Sherlock Holmes #1),16.73,1765.02,2,True,Mystery,https://books.toscrape.com/catalogue/a-study-in-scarlet-sherlock-holmes-1_656/index.html
Poisonous (Max Revere Novels #3),26.8,2827.4,3,True,Mystery,https://books.toscrape.com/catalogue/poisonous-max-revere-novels-3_627/index.html
Murder at the 42nd Street Library (Raymond Ambler #1),54.36,5734.98,4,True,Mystery,https://books.toscrape.com/catalogue/murder-at-the-42nd-street-library-raymond-ambler-1_624/index.html
Most Wanted,35.28,3722.04,3,True,Mystery,https://books.toscrape.com/catalogue/most-wanted_623/index.html
Hide Away (Eve Duncan #20),11.84,1249.12,1,True,Mystery,https://books.toscrape.com/catalogue/hide-away-eve-duncan-20_620/index.html
Boar Island (Anna Pigeon #19),59.48,6275.14,3,True,Mystery,https://books.toscrape.com/catalogue/boar-island-anna-pigeon-19_613/index.html
The Widow,27.26,2875.93,2,True,Mystery,https://books.toscrape.com/catalogue/the-widow_609/index.html
Playing with Fire,13.71,1446.41,3,True,Mystery,https://books.toscrape.com/catalogue/playing-with-fire_602/index.html
What Happened on Beale Street (Secrets of the South Mysteries #2),25.37,2676.54,5,True,Mystery,https://books.toscrape.com/catalogue/what-happened-on-beale-street-secrets-of-the-south-mysteries-2_506/index.html
The Bachelor Girl's Guide to Murder (Herringford and Watts Mysteries #1),52.3,5517.65,5,True,Mystery,https://books.toscrape.com/catalogue/the-bachelor-girls-guide-to-murder-herringford-and-watts-mysteries-1_491/index.html
Delivering the Truth (Quaker Midwife Mystery #1),20.89,2203.9,4,True,Mystery,https://books.toscrape.com/catalogue/delivering-the-truth-quaker-midwife-mystery-1_464/index.html
The Mysterious Affair at Styles (Hercule Poirot #1),24.8,2616.4,4,True,Mystery,https://books.toscrape.com/catalogue/the-mysterious-affair-at-styles-hercule-poirot-1_452/index.html
In the Woods (Dublin Murder Squad #1),38.38,4049.09,2,True,Mystery,https://books.toscrape.com/catalogue/in-the-woods-dublin-murder-squad-1_433/index.html
The Silkworm (Cormoran Strike #2),23.05,2431.78,5,True,Mystery,https://books.toscrape.com/catalogue/the-silkworm-cormoran-strike-2_280/index.html
The Exiled,43.45,4583.98,3,True,Mystery,https://books.toscrape.com/catalogue/the-exiled_247/index.html
The Cuckoo's Calling (Cormoran Strike #1),19.21,2026.66,1,True,Mystery,https://books.toscrape.com/catalogue/the-cuckoos-calling-cormoran-strike-1_239/index.html
Extreme Prey (Lucas Davenport #26),25.4,2679.7,3,True,Mystery,https://books.toscrape.com/catalogue/extreme-prey-lucas-davenport-26_154/index.html
Career of Evil (Cormoran Strike #3),24.72,2607.96,2,True,Mystery,https://books.toscrape.com/catalogue/career-of-evil-cormoran-strike-3_137/index.html
The No. 1 Ladies' Detective Agency (No. 1 Ladies' Detective Agency #1),57.7,6087.35,4,True,Mystery,https://books.toscrape.com/catalogue/the-no-1-ladies-detective-agency-no-1-ladies-detective-agency-1_76/index.html
The Girl You Lost,12.29,1296.59,5,True,Mystery,https://books.toscrape.com/catalogue/the-girl-you-lost_66/index.html
The Girl In The Ice (DCI Erika Foster #1),15.85,1672.18,3,True,Mystery,https://books.toscrape.com/catalogue/the-girl-in-the-ice-dci-erika-foster-1_65/index.html
Blood Defense (Samantha Brinkman #1),20.3,2141.65,3,True,Mystery,https://books.toscrape.com/catalogue/blood-defense-samantha-brinkman-1_8/index.html
1st to Die (Women's Murder Club #1),53.98,5694.89,1,True,Mystery,https://books.toscrape.com/catalogue/1st-to-die-womens-murder-club-1_2/index.html
Tipping the Velvet,53.74,5669.57,1,True,Historical Fiction,https://books.toscrape.com/catalogue/tipping-the-velvet_999/index.html
Forever and Forever: The Courtship of Henry Longfellow and Fanny Appleton,29.69,3132.3,3,True,Historical Fiction,https://books.toscrape.com/catalogue/forever-and-forever-the-courtship-of-henry-longfellow-and-fanny-appleton_894/index.html
A Flight of Arrows (The Pathfinders #2),55.53,5858.42,5,True,Historical Fiction,https://books.toscrape.com/catalogue/a-flight-of-arrows-the-pathfinders-2_876/index.html
The House by the Lake,36.95,3898.23,1,True,Historical Fiction,https://books.toscrape.com/catalogue/the-house-by-the-lake_846/index.html
Mrs. Houdini,30.25,3191.38,5,True,Historical Fiction,https://books.toscrape.com/catalogue/mrs-houdini_821/index.html
The Marriage of Opposites,28.08,2962.44,4,True,Historical Fiction,https://books.toscrape.com/catalogue/the-marriage-of-opposites_759/index.html
Glory over Everything: Beyond The Kitchen House,45.84,4836.12,3,True,Historical Fiction,https://books.toscrape.com/catalogue/glory-over-everything-beyond-the-kitchen-house_696/index.html
"Love, Lies and Spies",20.55,2168.02,2,True,Historical Fiction,https://books.toscrape.com/catalogue/love-lies-and-spies_622/index.html
A Paris Apartment,39.01,4115.55,4,True,Historical Fiction,https://books.toscrape.com/catalogue/a-paris-apartment_612/index.html
Lilac Girls,17.28,1823.04,2,True,Historical Fiction,https://books.toscrape.com/catalogue/lilac-girls_597/index.html
The Constant Princess (The Tudor Court #1),16.62,1753.41,3,True,Historical Fiction,https://books.toscrape.com/catalogue/the-constant-princess-the-tudor-court-1_493/index.html
The Invention of Wings,37.34,3939.37,1,True,Historical Fiction,https://books.toscrape.com/catalogue/the-invention-of-wings_448/index.html
World Without End (The Pillars of the Earth #2),32.97,3478.34,4,True,Historical Fiction,https://books.toscrape.com/catalogue/world-without-end-the-pillars-of-the-earth-2_420/index.html
The Passion of Dolssa,28.32,2987.76,5,True,Historical Fiction,https://books.toscrape.com/catalogue/the-passion-of-dolssa_351/index.html
Girl With a Pearl Earring,26.77,2824.24,1,True,Historical Fiction,https://books.toscrape.com/catalogue/girl-with-a-pearl-earring_322/index.html
Voyager (Outlander #3),21.07,2222.89,5,True,Historical Fiction,https://books.toscrape.com/catalogue/voyager-outlander-3_299/index.html
The Red Tent,35.66,3762.13,5,True,Historical Fiction,https://books.toscrape.com/catalogue/the-red-tent_273/index.html
The Last Painting of Sara de Vos,55.55,5860.52,2,True,Historical Fiction,https://books.toscrape.com/catalogue/the-last-painting-of-sara-de-vos_259/index.html
The Guernsey Literary and Potato Peel Pie Society,49.53,5225.42,1,True,Historical Fiction,https://books.toscrape.com/catalogue/the-guernsey-literary-and-potato-peel-pie-society_253/index.html
Girl in the Blue Coat,46.83,4940.56,2,True,Historical Fiction,https://books.toscrape.com/catalogue/girl-in-the-blue-coat_160/index.html
Between Shades of Gray,20.79,2193.34,5,True,Historical Fiction,https://books.toscrape.com/catalogue/between-shades-of-gray_128/index.html
While You Were Mine,41.32,4359.26,5,True,Historical Fiction,https://books.toscrape.com/catalogue/while-you-were-mine_97/index.html
The Secret Healer,34.56,3646.08,3,True,Historical Fiction,https://books.toscrape.com/catalogue/the-secret-healer_80/index.html
Starlark,25.83,2725.06,3,True,Historical Fiction,https://books.toscrape.com/catalogue/starlark_56/index.html
Lost Among the Living,27.7,2922.35,4,True,Historical Fiction,https://books.toscrape.com/catalogue/lost-among-the-living_31/index.html
A Spy's Devotion (The Regency Spies of London #1),16.97,1790.33,5,True,Historical Fiction,https://books.toscrape.com/catalogue/a-spys-devotion-the-regency-spies-of-london-1_3/index.html
